timestamp,imu_x,imu_y,imu_z,voltage
2025-02-17 22:37:36.248279,-1.1039604580803764,0.444363745325733,0.8279721749994791,0.3669843119692447
2025-02-17 22:37:36.268279,0.5293321407179957,1.3183109332210754,-0.8923684887346186,0.3669843119692447
2025-02-17 22:37:36.288279,-1.0880928900353717,-0.1438523947174672,1.628060542707267,0.3669843119692447
2025-02-17 22:37:36.308279,-2.0592099907708423,-0.608279113215138,1.2456924147099169,-1.3169279046797813
2025-02-17 22:37:36.328279,1.2046043065142369,1.8498500334071224,-0.967164964171728,-1.3169279046797813
2025-02-17 22:37:36.348279,0.1868230046632512,0.1329030046679751,-0.593904214861561,-0.956157211776784
2025-02-17 22:37:36.368279,0.0560449619523857,-1.3922891867110594,-0.1810922431039436,-0.956157211776784
2025-02-17 22:37:36.388279,1.2385466649393464,2.08005549011047,0.3389094050900448,-0.956157211776784
2025-02-17 22:37:36.408279,-1.3971196004259627,0.4762953513596539,-0.7233380320125863,-1.270197236827132
2025-02-17 22:37:36.428279,0.6259070781624764,0.6510881471481414,0.2314446809516211,-1.270197236827132
2025-02-17 22:37:36.448279,-0.9691450550829948,-0.7080861739457202,2.0538294707326967,-0.4619331613566839
2025-02-17 22:37:36.468279,0.973351050669128,-0.0104483380757648,0.2692663416357636,-0.4619331613566839
2025-02-17 22:37:36.488279,1.1896728013652715,1.5984725953427192,-0.384621534419625,-0.4619331613566839
2025-02-17 22:37:36.508279,-0.5641510069898497,0.0095220105570045,0.7044508367734752,2.025686031697514
2025-02-17 22:37:36.528279,-2.0109830996864826,-0.7286162524334874,-0.5088612623957712,2.025686031697514
2025-02-17 22:37:36.548279,0.4708315401981976,-0.0898826486137225,0.438362379711525,-1.209450252270596
2025-02-17 22:37:36.568279,-0.7325222647091271,-0.8369403373791539,-0.4586756201940255,-1.209450252270596
2025-02-17 22:37:36.588279,0.6522613480389142,-0.6422534759863349,-0.327872447515466,-1.209450252270596
2025-02-17 22:37:36.608279,0.9129886492038296,-1.6438670690701924,1.8909931963849576,1.143004785440478
2025-02-17 22:37:36.628279,0.5577820031128088,1.3169980402299006,-1.348863067642223,1.143004785440478
2025-02-17 22:37:36.648279,-0.0870223006506148,0.6302644608094916,-0.1552295900804511,1.3548846363273674
2025-02-17 22:37:36.668279,-2.0315711448965947,-0.4055422098678232,-0.3500324705246786,1.3548846363273674
2025-02-17 22:37:36.688279,-1.2089758613491028,1.3248510026252551,1.4231557822130552,1.3548846363273674
2025-02-17 22:37:36.708279,-0.5613763901620572,1.1760164089418017,1.8038838937340804,0.846234720242879
2025-02-17 22:37:36.728279,1.4399290855665454,-0.3509947502487189,-1.259932013188003,0.846234720242879
2025-02-17 22:37:36.748279,-0.3320406228323005,-1.2637304805547276,-1.9813847452213695,1.0475358737545022
2025-02-17 22:37:36.768279,0.1266215649452799,-0.7306376602317828,0.4913936099210393,1.0475358737545022
2025-02-17 22:37:36.788279,-0.4272168666882528,1.0402045162278617,-0.2977093800503769,1.0475358737545022
2025-02-17 22:37:36.808279,0.1647693168097016,-0.4249394550138115,-1.0360452726779066,-0.1931924397372854
2025-02-17 22:37:36.828279,0.3029393703194036,1.5194287997018625,-1.3418465006887446,-0.1931924397372854
2025-02-17 22:37:36.848279,0.6427527188608183,-1.052900192429466,-0.8910965743655769,0.4049506610019998
2025-02-17 22:37:36.868279,0.2438634325471242,2.095120976390531,0.7622070156122658,0.4049506610019998
2025-02-17 22:37:36.888279,0.9111880839872166,-0.3349720195244083,1.1245377877366882,0.4049506610019998
2025-02-17 22:37:36.908279,0.8886767732079994,-0.482801111084743,-0.1321623298678589,-1.8294136718964944
2025-02-17 22:37:36.928279,1.7617793392285113,1.405856937557851,-0.867887564313465,-1.8294136718964944
2025-02-17 22:37:36.948279,-0.8242463478049359,2.5478431262700627,-0.7977902347640782,-0.5930981850558024
2025-02-17 22:37:36.968279,-0.5632422136737661,1.13973033580707,-1.6672174421891672,-0.5930981850558024
2025-02-17 22:37:36.988279,-0.0154367638642349,1.2478385225905246,1.1674768942794764,-0.5930981850558024
2025-02-17 22:37:37.008279,0.9900611073499256,-0.7026630376539011,2.327412155859859,-0.4120338815768855
2025-02-17 22:37:37.028279,0.1542487862465672,-0.1633229917171288,0.0751451798711491,-0.4120338815768855
2025-02-17 22:37:37.048279,0.4715404245108656,1.3308919252056108,-0.9675139911687074,1.1202103407372723
2025-02-17 22:37:37.068279,-1.3321249999077076,1.3490600470259857,0.186280603818418,1.1202103407372723
2025-02-17 22:37:37.088279,0.2326764231726278,0.4738404243350296,0.2403653693748806,1.1202103407372723
2025-02-17 22:37:37.108279,0.451079862476952,-0.0588566632287902,0.6898663365273255,-0.1975204663470779
2025-02-17 22:37:37.128279,-0.0781284289667032,-0.5911672215936182,-1.9670296420207527,-0.1975204663470779
2025-02-17 22:37:37.148279,1.5656015152669218,-1.0558694994622952,2.483044984717451,-0.3637729804217232
2025-02-17 22:37:37.168279,-0.882844801586079,1.8869155466605343,0.1047464552304211,-0.3637729804217232
2025-02-17 22:37:37.188279,-0.5987914874000304,0.2076398697521289,0.1944818741936843,-0.3637729804217232
2025-02-17 22:37:37.208279,-0.7076685404352988,0.7633715512906935,-0.1185201116248542,-1.6119888924254768
2025-02-17 22:37:37.228279,1.2535027369821723,-0.3453150906801603,-1.2922453537990917,-1.6119888924254768
2025-02-17 22:37:37.248279,-0.9266441562131492,-0.7499112133202765,-2.1669079055143325,-0.3744403082217906
2025-02-17 22:37:37.268279,-0.3640696487413292,-0.5734819645924277,0.4727096071690299,-0.3744403082217906
2025-02-17 22:37:37.288279,0.3077022114297889,0.9359719094956584,0.528691973487278,-0.3744403082217906
2025-02-17 22:37:37.308279,-0.4405521378897351,1.1903074195931909,-0.736195581698098,0.0979955219651253
2025-02-17 22:37:37.328279,-1.092615119322057,-0.4483162698137063,0.7893914262709534,0.0979955219651253
2025-02-17 22:37:37.348279,1.2551636245918618,0.2191108226587088,-0.2482329683834495,-1.4789108798616573
2025-02-17 22:37:37.368279,2.0808524497284067,-0.6816756289884813,0.7126456700722036,-1.4789108798616573
2025-02-17 22:37:37.388279,-1.1161597820377551,-2.2116007748542463,-1.8307984446818384,-1.4789108798616573
2025-02-17 22:37:37.408279,-0.1574240568420799,0.7428153155653933,2.8959604162309884,0.8822579945477301
2025-02-17 22:37:37.428279,-0.7908823514610753,0.0865944405052868,-0.2841776259209524,0.8822579945477301
2025-02-17 22:37:37.448279,0.6087143009220365,-0.3855659320294216,1.019278638813743,1.2744718188363602
2025-02-17 22:37:37.468279,-1.2121863922048206,-1.184927102524242,0.6555176769470983,1.2744718188363602
2025-02-17 22:37:37.488279,-1.129474280731803,0.2833521612050368,-0.3769092374434872,1.2744718188363602
2025-02-17 22:37:37.508279,1.7323996864696911,-2.522053732230534,-1.032096917766354,-0.698800112627465
2025-02-17 22:37:37.528279,-0.4446270895714193,1.0027893875712413,0.866632118163563,-0.698800112627465
2025-02-17 22:37:37.548279,-0.5308633380432595,-0.1275034475641699,-0.8740716595626825,0.5979021270211013
2025-02-17 22:37:37.568279,-1.092991578745412,0.4381396264997839,-0.3477681300626313,0.5979021270211013
2025-02-17 22:37:37.588279,-1.1783013562713316,-1.7593219331694414,0.4740199806822819,0.5979021270211013
2025-02-17 22:37:37.608279,-0.3615646911409593,0.5728962324956776,-0.9737106461991604,-0.3181540154235912
2025-02-17 22:37:37.628279,0.5797316696778052,0.2441882047545688,0.7258668332199256,-0.3181540154235912
2025-02-17 22:37:37.648279,-0.5886939259600444,-0.2162258206940989,0.4523829377468064,-0.811431637641308
2025-02-17 22:37:37.668279,0.8486761378568936,0.4408217505884665,-1.104005284796299,-0.811431637641308
2025-02-17 22:37:37.688279,-1.665854812508751,-1.0007036954260145,1.0012229121046097,-0.811431637641308
2025-02-17 22:37:37.708279,0.0696656895422623,2.340053291246548,1.274081605344803,-0.049291519409743
2025-02-17 22:37:37.728279,-1.2490090104308935,0.1583221909583286,0.2407451036442987,-0.049291519409743
2025-02-17 22:37:37.748279,-0.2335552782824733,-0.7389979269288426,-0.5681144381992832,0.4005332650711789
2025-02-17 22:37:37.768279,0.8713175667899535,-1.0060401279141644,-1.5418969932857145,0.4005332650711789
2025-02-17 22:37:37.788279,1.0684551641657265,-0.4003214973824596,0.3468195283993173,0.4005332650711789
2025-02-17 22:37:37.808279,0.1519136530689834,0.82381254648142,1.5005834445036017,-1.148138554686153
2025-02-17 22:37:37.828279,-1.603159514772306,-0.01205972185157,1.975133859948148,-1.148138554686153
2025-02-17 22:37:37.848279,0.2423381707555959,-0.7731499899867517,0.0233984312507143,0.1846684999079098
2025-02-17 22:37:37.868279,1.0608259576940322,0.9631967272371674,0.7372496253368285,0.1846684999079098
2025-02-17 22:37:37.888279,-0.1934457132179854,-0.1109619704277586,1.26656887346292,0.1846684999079098
2025-02-17 22:37:37.908279,-0.6743632850883468,0.2575969193702486,0.5144723261728413,0.5451897183493281
2025-02-17 22:37:37.928279,0.0586925468905622,-1.1758914819621014,-0.459964852672842,0.5451897183493281
2025-02-17 22:37:37.948279,-0.1522673823420175,1.2095383838502467,-0.8859521599906878,-1.420704396401307
2025-02-17 22:37:37.968279,-0.6056058523761166,0.7909247771224382,2.187951700296973,-1.420704396401307
2025-02-17 22:37:37.988279,0.3997623369329436,-0.2466475551074886,0.6724634970168855,-1.420704396401307
2025-02-17 22:37:38.008279,-0.7479840656095725,-0.9663147877887376,0.4223546917935029,1.1919601565356517
2025-02-17 22:37:38.028279,-0.3227617679905762,-1.8102913687840576,-1.668562966883793,1.1919601565356517
2025-02-17 22:37:38.048279,-0.3917331153805454,-1.3030405042701043,-1.0268783312773526,0.0807899792804677
2025-02-17 22:37:38.068279,-0.9638609737306352,1.5278126333855808,0.5282187368088116,0.0807899792804677
2025-02-17 22:37:38.088279,0.3795081213792221,-0.8235932128683389,-0.8308032425541045,0.0807899792804677
2025-02-17 22:37:38.108279,-0.3207503299319931,0.0318719354930329,3.433738913468697,0.1762952213054871
2025-02-17 22:37:38.128279,-0.0003151939979785,1.4599181672330386,-0.4562497615417435,0.1762952213054871
2025-02-17 22:37:38.148279,0.3261436501454499,-1.2112835056592317,0.6618354760462076,-0.0696471040123027
2025-02-17 22:37:38.168279,-0.9215180583567242,-0.5050923136011576,-0.1787574763625258,-0.0696471040123027
2025-02-17 22:37:38.188279,2.088858275732424,0.8899655426816937,1.4262063059745065,-0.0696471040123027
2025-02-17 22:37:38.208279,-0.1728302788340848,-1.103764023626889,0.3254179019710759,-0.2873776616226966
2025-02-17 22:37:38.228279,-1.545882094841129,0.9163465984489512,-0.1929842291507121,-0.2873776616226966
2025-02-17 22:37:38.248279,-0.5786679055788728,-0.6923895827941788,-1.3146020026902363,-1.003553537358734
2025-02-17 22:37:38.268279,-0.4817903909642938,-0.5436420541019812,1.3796691610664924,-1.003553537358734
2025-02-17 22:37:38.288279,1.1804274765136138,-1.2369552877828267,-0.915206696230026,-1.003553537358734
2025-02-17 22:37:38.308279,-1.4315404047868665,1.481492634474611,0.0506301991816891,0.4510126886579614
2025-02-17 22:37:38.328279,1.118480217558829,-1.1792293612121802,0.9523777790987268,0.4510126886579614
2025-02-17 22:37:38.348279,-0.1475368726752155,0.0607379949221606,-0.3996935506192886,0.1694252031366881
2025-02-17 22:37:38.368279,-0.2631993564906708,0.9338815323527816,0.598971669425912,0.1694252031366881
2025-02-17 22:37:38.388279,0.6945323045169762,1.5817855110051242,-1.6934062497132067,0.1694252031366881
2025-02-17 22:37:38.408279,1.5696044920425274,-0.5336959226944543,1.6403895297244977,-0.454672447407819
2025-02-17 22:37:38.428279,-0.0261181848801024,-2.682393818599064,-0.1041401221678037,-0.454672447407819
2025-02-17 22:37:38.448279,-0.3764912744907177,0.5242044290602194,0.8845577803986572,0.3782814261807644
2025-02-17 22:37:38.468279,1.0506071086510758,0.3842041603255452,-1.3387474876195022,0.3782814261807644
2025-02-17 22:37:38.488279,-0.2853808713429547,0.7002150229843627,0.3115876795334008,0.3782814261807644
2025-02-17 22:37:38.508279,1.1843147742104967,0.8729050127257094,2.1238065454296886,-0.0659944685322859
2025-02-17 22:37:38.528279,0.3293424120542134,-1.1704998436247946,0.0564038365433904,-0.0659944685322859
2025-02-17 22:37:38.548279,1.6860891816010657,0.5628121027820434,-1.8257236641174053,-0.2313735739394783
2025-02-17 22:37:38.568279,-0.299931216921814,-0.0030032576030097,-0.9304359550632564,-0.2313735739394783
2025-02-17 22:37:38.588279,1.707294863512853,-0.5128722314255285,0.7892438260354577,-0.2313735739394783
2025-02-17 22:37:38.608279,0.7331896947081548,0.6118110903938502,2.3841967639201824,0.9104944061441296
2025-02-17 22:37:38.628279,0.4220987094044226,-0.1246832531261455,0.9660914970223856,0.9104944061441296
2025-02-17 22:37:38.648279,0.3229973577155642,-1.1067030822668642,-0.4261839159078738,-0.8093809120403869
2025-02-17 22:37:38.668279,3.0342154380376303,-0.6052019356438014,-0.6798414921980305,-0.8093809120403869
2025-02-17 22:37:38.688279,1.4478448375354172,-0.3780220830554977,-0.2153227209442435,-0.8093809120403869
2025-02-17 22:37:38.708279,-0.2876662046189245,1.5420129279996009,-0.2087367976083125,-0.4186846918191193
2025-02-17 22:37:38.728279,0.2200210814629837,-0.5413560675791383,-0.3959798822492086,-0.4186846918191193
2025-02-17 22:37:38.748279,-0.0449703848459415,-1.5322302619670278,0.4934565128538037,0.8876898532079155
2025-02-17 22:37:38.768279,-0.9455199964342612,-0.8031651097669865,-1.7024825041348008,0.8876898532079155
2025-02-17 22:37:38.788279,1.8018711876669076,1.0351002849176203,-0.659690312487631,0.8876898532079155
2025-02-17 22:37:38.808279,-1.5547123323238572,1.8729863292022333,0.1086245908732886,0.8232218675875417
2025-02-17 22:37:38.828279,1.4656060346555455,1.585261138224033,-0.1685769595226263,0.8232218675875417
2025-02-17 22:37:38.848279,-1.7793316754599824,-0.1222246679064229,1.2411462187535844,-0.4713649016411775
2025-02-17 22:37:38.868279,-1.1952004001288252,-0.6435314313233793,-0.3306443184418398,-0.4713649016411775
2025-02-17 22:37:38.888279,-1.464213524092797,-0.9383276925245944,1.3646259182653695,-0.4713649016411775
2025-02-17 22:37:38.908279,-0.5108221432627167,0.1358328478452745,-1.7058151875808625,0.6394589586776639
2025-02-17 22:37:38.928279,-1.6237402266206278,-0.3064348986180127,-0.5159525050812772,0.6394589586776639
2025-02-17 22:37:38.948279,-0.3603045560271565,-1.3488354868465795,-1.779752689459481,0.2573731443948379
2025-02-17 22:37:38.968279,-2.004128152636616,1.4522164920134042,-1.194904055671607,0.2573731443948379
2025-02-17 22:37:38.988279,1.824549695899512,-1.584009134089538,1.0835290703731282,0.2573731443948379
2025-02-17 22:37:39.008279,-0.1086773389834776,-1.480427791077017,0.1319550513978503,0.0666125070790743
2025-02-17 22:37:39.028279,-0.0496600253068978,0.6314809666055219,-0.5619847189076954,0.0666125070790743
2025-02-17 22:37:39.048279,1.325375151637131,0.1251277856725422,1.8753347453317892,-1.719751899569899
2025-02-17 22:37:39.068279,0.7266970845755703,0.0609268994251959,0.578959073344645,-1.719751899569899
2025-02-17 22:37:39.088279,0.3928250222192144,0.2508521855957834,-1.7315547803374578,-1.719751899569899
2025-02-17 22:37:39.108279,0.1439392941548603,-1.3214275942841318,0.5443983224239012,-0.8661586009172175
2025-02-17 22:37:39.128279,-1.41162873697464,-0.3465363482749223,-0.3608184679470834,-0.8661586009172175
2025-02-17 22:37:39.148279,1.0760799709426436,-1.2522225746797082,-0.6879909958979035,-0.9012459028811298
2025-02-17 22:37:39.168279,-2.3648978561927105,0.4687801904291003,0.3938835766762039,-0.9012459028811298
2025-02-17 22:37:39.188279,-1.054097118316561,-1.5681210145340898,-0.6490963462441962,-0.9012459028811298
2025-02-17 22:37:39.208279,-1.145661774534043,-2.5499323408948475,-0.0397829515019285,-0.6766078274918316
2025-02-17 22:37:39.228279,0.4806237830990464,-0.4498753702161623,0.7414200825089522,-0.6766078274918316
2025-02-17 22:37:39.248279,0.2675325245605284,1.6213395357439018,-0.8262470146948192,-0.3686789825585084
2025-02-17 22:37:39.268279,0.5055721996814023,-0.6178134948448224,1.1275716664571434,-0.3686789825585084
2025-02-17 22:37:39.288279,0.7506018796449326,0.6824318472395374,-2.5333425099222127,-0.3686789825585084
2025-02-17 22:37:39.308279,3.3357760409725388,0.6169999900697724,0.0073947996238288,0.3209889738904467
2025-02-17 22:37:39.328279,2.1259009565419595,-1.9571168187278405,0.247862172954423,0.3209889738904467
2025-02-17 22:37:39.348279,-0.1270803249074289,-1.3090167453769452,-1.42073727700901,0.604066179917108
2025-02-17 22:37:39.368279,0.1302480314543275,1.028082585440918,-1.000810909469273,0.604066179917108
2025-02-17 22:37:39.388279,-0.2804765412722775,1.085682972442349,0.8791789443601522,0.604066179917108
2025-02-17 22:37:39.408279,-0.6968372401898352,0.404476222129815,0.1369114163962282,-0.2992788984231426
2025-02-17 22:37:39.428279,-0.4010706153882242,0.076116816236364,1.0512467925950322,-0.2992788984231426
2025-02-17 22:37:39.448279,2.1750942199975047,1.482105685125226,0.0208876877704817,-0.9930702861375164
2025-02-17 22:37:39.468279,0.1882301151813202,0.6931924864442761,-1.4207198497684292,-0.9930702861375164
2025-02-17 22:37:39.488279,0.182316552987723,0.6760752256806033,0.1258800831555466,-0.9930702861375164
2025-02-17 22:37:39.508279,-0.2732062104763394,1.8608879158406773,-0.2148443321847937,-1.8568116021254275
2025-02-17 22:37:39.528279,-2.471904299980202,-1.6508588624421805,-0.2590828588357782,-1.8568116021254275
2025-02-17 22:37:39.548279,-0.8725686093405333,0.3468200245162878,-1.2589611987394156,1.9445219006864212
2025-02-17 22:37:39.568279,0.6993735182144065,1.2603460161223794,0.9630717544552444,1.9445219006864212
2025-02-17 22:37:39.588279,0.5098526291289894,0.5810737980957658,1.351490401039933,1.9445219006864212
2025-02-17 22:37:39.608279,1.7540719008441112,1.829905151440484,-0.5276841426016143,0.0309993546139735
2025-02-17 22:37:39.628279,-0.1159229167451186,-0.4950791258885126,1.042299087159972,0.0309993546139735
2025-02-17 22:37:39.648279,0.1955870338813968,-0.3783026278219184,0.0052954174119061,0.5775637435577644
2025-02-17 22:37:39.668279,-0.1000696100445914,-0.4929162338687735,-1.3549900170718367,0.5775637435577644
2025-02-17 22:37:39.688279,-1.4195594346152869,0.8600875054618136,-0.2022675877891166,0.5775637435577644
2025-02-17 22:37:39.708279,2.362111983032739,-1.8105956172784847,1.358922366736143,-0.4135455237957097
2025-02-17 22:37:39.728279,-0.4095873403837331,0.836084387997195,-1.0162555570092828,-0.4135455237957097
2025-02-17 22:37:39.748279,-0.2478718655060892,0.4704213724390882,-0.6572059000678765,1.2750655699618818
2025-02-17 22:37:39.768279,-0.3819149534578802,-2.3612429165446898,-0.0114379680796595,1.2750655699618818
2025-02-17 22:37:39.788279,-0.9629148765463632,1.1731175558067306,-0.7654698572381053,1.2750655699618818
2025-02-17 22:37:39.808279,-1.1236992584505214,-0.3263853373554908,1.5730046253025285,0.1557755407737832
2025-02-17 22:37:39.828279,0.8067174786521144,-0.0915811044278941,1.0546389633011923,0.1557755407737832
2025-02-17 22:37:39.848279,-1.997838717280653,-0.9089840189548756,0.5045028465339263,0.3336224384840303
2025-02-17 22:37:39.868279,0.1347235724492395,-2.44107838721283,-0.1844749771413902,0.3336224384840303
2025-02-17 22:37:39.888279,-0.3121883214358874,0.6100378083965746,-1.192549548037881,0.3336224384840303
2025-02-17 22:37:39.908279,-0.4087750324901851,-1.5671436637697709,1.254268796111763,-0.4246593201674353
2025-02-17 22:37:39.928279,-2.4860015998052907,-0.7999659767615686,0.9104572354471756,-0.4246593201674353
2025-02-17 22:37:39.948279,-0.7606462193158577,0.3634697392740486,-0.2866594804403129,0.9111477261313682
2025-02-17 22:37:39.968279,-1.415209160602373,-0.1637109193674496,-0.3781962973346231,0.9111477261313682
2025-02-17 22:37:39.988279,-0.467624762780207,0.3332199785645074,0.888984819582624,0.9111477261313682
2025-02-17 22:37:40.008279,0.501821166870473,-0.0286702561034023,-1.0605792420090725,-1.0272044128677789
2025-02-17 22:37:40.028279,-2.471458033735418,0.2538737555410335,0.7881200601617373,-1.0272044128677789
2025-02-17 22:37:40.048279,-0.9400958326148482,0.9405426245475342,-0.2418359760582008,0.9838026500827012
2025-02-17 22:37:40.068279,1.7321288180550212,0.7307147387588555,-0.6412466665545173,0.9838026500827012
2025-02-17 22:37:40.088279,0.392217565276867,0.1874006752817849,-1.2403745715801662,0.9838026500827012
2025-02-17 22:37:40.108279,-1.168932505381691,-0.7013041787793058,-0.1773283633527917,-0.2123706396526548
2025-02-17 22:37:40.128279,1.294177087982615,1.2342025565838686,-2.30540419935232,-0.2123706396526548
2025-02-17 22:37:40.148279,-1.299210001744482,-1.3187196365945424,0.8484841388187744,-0.6847737428342943
2025-02-17 22:37:40.168279,-0.7901787795084052,-0.7724941831253215,-0.1000085714226891,-0.6847737428342943
2025-02-17 22:37:40.188279,-0.3703699798363334,-1.1981610705843355,-0.9409752836155598,-0.6847737428342943
2025-02-17 22:37:40.208279,0.4589335800536351,0.6767720433693009,-0.1522195945679681,-0.6317863875714463
2025-02-17 22:37:40.228279,-1.1164515225733709,-0.0640561245253198,0.5383911759417755,-0.6317863875714463
2025-02-17 22:37:40.248279,-0.7043357001272138,-0.8256374122598066,0.3857722852013948,0.1666147725109432
2025-02-17 22:37:40.268279,1.98241355349838,-1.5785788663311593,-0.4388626353962253,0.1666147725109432
2025-02-17 22:37:40.288279,-0.4164190169290913,0.209480284804884,-1.0495093339506578,0.1666147725109432
2025-02-17 22:37:40.308279,-0.5713087896373779,-0.233653885593326,-1.3578911692589957,-0.2736766376605116
2025-02-17 22:37:40.328279,0.2338772514005478,-0.476224767846093,-2.7167629600964744,-0.2736766376605116
2025-02-17 22:37:40.348279,1.9666845487881357,0.1797682433263795,2.2651738406536635,-0.3542500493584631
2025-02-17 22:37:40.368279,0.0552135496759479,0.2175516977359028,-0.2402720392004909,-0.3542500493584631
2025-02-17 22:37:40.388279,0.9965979079375972,-0.2520324128744116,0.7928450438273473,-0.3542500493584631
2025-02-17 22:37:40.408279,-0.5045830340598146,-0.6422619697228976,-0.4270724676103563,0.5161520190567115
2025-02-17 22:37:40.428279,-0.8332247907769667,2.274869194671812,-1.7024870063919717,0.5161520190567115
2025-02-17 22:37:40.448279,-0.2041223739792348,0.6377483839165521,-1.3193474069804998,-0.8118596401115845
2025-02-17 22:37:40.468279,1.3400784684743838,0.4501943207608918,1.9993615537972844,-0.8118596401115845
2025-02-17 22:37:40.488279,0.060752792988129,1.630642202485599,0.5005475920554423,-0.8118596401115845
2025-02-17 22:37:40.508279,0.4152555437965553,-0.4612565878929122,-0.6119787252253303,-0.7619442091771036
2025-02-17 22:37:40.528279,-0.0744952289549974,-0.7990575136523771,-1.5696514240485322,-0.7619442091771036
2025-02-17 22:37:40.548279,0.829742996620919,1.0297203981287493,1.316590363460036,0.5195407351540009
2025-02-17 22:37:40.568279,1.244189252657275,0.9277698509866688,-2.110159399590313,0.5195407351540009
2025-02-17 22:37:40.588279,-0.7114930995153765,0.4481196155593266,-0.5333946977405072,0.5195407351540009
2025-02-17 22:37:40.608279,-1.0483082148120886,-0.2615692313674707,-0.025763342179539,0.5427644857360622
2025-02-17 22:37:40.628279,1.392599738035332,0.9460393437729506,0.8662144884687832,0.5427644857360622
2025-02-17 22:37:40.648279,-0.9094955809597924,-0.0718334067356069,-0.1291745812291599,0.8764228094115721
2025-02-17 22:37:40.668279,0.3198404866967744,-0.7438897355022982,-1.555032568363489,0.8764228094115721
2025-02-17 22:37:40.688279,2.2624110866271496,0.930349198234126,0.5092480508809696,0.8764228094115721
2025-02-17 22:37:40.708279,0.4327893545946424,1.2339185731813216,-0.0265999494551066,-0.9436278966348796
2025-02-17 22:37:40.728279,-0.2447714748595138,0.9594316855334664,1.0912410890218895,-0.9436278966348796
2025-02-17 22:37:40.748279,0.8465340684955143,-0.2301365162501422,-1.0542496410383857,0.9176656912999048
2025-02-17 22:37:40.768279,1.5135850061349758,0.4106349728881465,0.3762114320184914,0.9176656912999048
2025-02-17 22:37:40.788279,0.4959987322256034,-1.4849035694346064,-1.1274587461574763,0.9176656912999048
2025-02-17 22:37:40.808279,-0.0750465121352991,-0.064467641870796,-0.2641264159403003,0.1118008764526074
2025-02-17 22:37:40.828279,0.6835116225991934,-1.4639648689849822,-2.023301453137163,0.1118008764526074
2025-02-17 22:37:40.848279,1.3511632255700416,-1.203748897451416,-0.4965778466386203,-1.556598760096828
2025-02-17 22:37:40.868279,1.0173653686815043,-1.3924120704608665,-1.329567655857846,-1.556598760096828
2025-02-17 22:37:40.888279,-2.4454326915111126,0.009273749153848,0.6990284731753584,-1.556598760096828
2025-02-17 22:37:40.908279,-0.6317148458326124,-1.5600771459759526,-0.7982065207596241,-0.8264541906034153
2025-02-17 22:37:40.928279,-1.0042589986643693,-1.333051527263826,1.2669444598849946,-0.8264541906034153
2025-02-17 22:37:40.948279,-0.1999732293431495,-0.2755004486157196,0.5121631847162778,-0.8886864825730028
2025-02-17 22:37:40.968279,-0.1471029900551842,-0.8486635743291542,1.8096045966703185,-0.8886864825730028
2025-02-17 22:37:40.988279,-1.446578148277607,-0.109172108493031,0.4539983074132655,-0.8886864825730028
2025-02-17 22:37:41.008279,0.1298890370918213,-0.3237458917085555,-0.6126625999010832,0.3420802821195841
2025-02-17 22:37:41.028279,2.504054624350741,0.4103090747182685,1.10731619014201,0.3420802821195841
2025-02-17 22:37:41.048279,-1.3846683572157488,-0.4192276691661995,-0.0480280398510237,0.1135976179311122
2025-02-17 22:37:41.068279,0.7503009189485664,-1.5898266121820648,0.317528522502176,0.1135976179311122
2025-02-17 22:37:41.088279,-1.2237368773037631,1.073515452073996,0.6755200752146484,0.1135976179311122
2025-02-17 22:37:41.108279,-0.7501598838136273,-0.4491980696617667,-0.9533467309429234,-0.7369973510981723
2025-02-17 22:37:41.128279,0.3314558222893191,1.8293849605681791,-0.1281694109469625,-0.7369973510981723
2025-02-17 22:37:41.148279,-1.7456959852544562,0.2351954541094957,-0.8569956184250488,0.4196899299221914
2025-02-17 22:37:41.168279,1.101213844757813,-0.4738354971399956,-1.527468080208005,0.4196899299221914
2025-02-17 22:37:41.188279,0.0682870309475655,-2.420691638077129,0.7704478419780808,0.4196899299221914
2025-02-17 22:37:41.208279,-1.774469669811136,-0.0131609648646165,-0.7055843200572537,-0.961958217964322
2025-02-17 22:37:41.228279,0.2410654361995533,-0.7220946633563304,0.523361914741453,-0.961958217964322
2025-02-17 22:37:41.248279,-0.2151858821867033,0.9013341373635096,0.3576142470411307,-0.7105923079125539
2025-02-17 22:37:41.268279,-1.1705628974868354,-0.3753759059287996,0.7982132199807302,-0.7105923079125539
2025-02-17 22:37:41.288279,0.2723915394240975,0.6005971967018745,1.1662721156468825,-0.7105923079125539
2025-02-17 22:37:41.308279,2.0758736423368043,0.502483403323084,1.1948123601699503,-1.5384584898512874
2025-02-17 22:37:41.328279,1.4922073110064709,1.2971854397035398,0.8570311735633375,-1.5384584898512874
2025-02-17 22:37:41.348279,-0.8434192145281357,1.22902682040456,-0.5517217661954698,1.4854505557387725
2025-02-17 22:37:41.368279,-1.3953972165865831,0.752941059465029,0.9396850811491428,1.4854505557387725
2025-02-17 22:37:41.388279,-0.3191206900724226,-0.9210417636168524,-0.5133482184349765,1.4854505557387725
2025-02-17 22:37:41.408279,-0.9312336934842655,0.4485435241505836,0.1060989362197948,-0.1067284676098319
2025-02-17 22:37:41.428279,-0.9078946316672124,-0.2345336243858323,0.2066794992517447,-0.1067284676098319
2025-02-17 22:37:41.448279,-1.062547126689685,-0.6470840041031253,0.2816731615107102,1.008525612697951
2025-02-17 22:37:41.468279,-0.0093253620958858,-2.0625201213393054,0.6588215629478037,1.008525612697951
2025-02-17 22:37:41.488279,0.5334626822522169,0.0066369126799328,0.7905458627664066,1.008525612697951
2025-02-17 22:37:41.508279,0.7124914577106592,0.6900868429568955,-0.5333104718010095,-0.2175851056663399
2025-02-17 22:37:41.528279,1.1699353028467148,1.0270098932024525,-1.860309176022684,-0.2175851056663399
2025-02-17 22:37:41.548279,-0.7393590925326422,1.0141063951023,-0.985834727357342,-1.1287972507576536
2025-02-17 22:37:41.568279,-0.3029903927644007,-0.7534530875692957,-1.0592117136630534,-1.1287972507576536
2025-02-17 22:37:41.588279,1.0840824239010094,0.6203718990597585,-0.088335981256589,-1.1287972507576536
2025-02-17 22:37:41.608279,-0.4000151114619245,-0.6339093692417123,-0.2114699729684886,0.4120701771097876
2025-02-17 22:37:41.628279,0.4226099953855936,-0.2831573002887422,0.5936490218920359,0.4120701771097876
2025-02-17 22:37:41.648279,1.2416262517484458,0.8709599064544803,2.2630531814695227,-0.7433906342712047
2025-02-17 22:37:41.668279,-0.1385061186461598,1.066664425368439,-0.687845798416791,-0.7433906342712047
2025-02-17 22:37:41.688279,0.2643918958112971,-1.968138223304457,2.0906281807839893,-0.7433906342712047
2025-02-17 22:37:41.708279,0.0671139750903274,-0.180279995270066,0.0996591091709584,-0.3683238497396892
2025-02-17 22:37:41.728279,0.5848575389551391,1.634036796666244,-0.0690721701445966,-0.3683238497396892
2025-02-17 22:37:41.748279,0.2708395269269547,-0.3150192898055347,-0.8761054590448923,1.2609782694020346
2025-02-17 22:37:41.768279,-1.48485367672434,1.0498770278336065,-1.5792935649511577,1.2609782694020346
2025-02-17 22:37:41.788279,-0.4334752073044052,-0.6912695257020592,-0.7341361014452569,1.2609782694020346
2025-02-17 22:37:41.808279,2.2440846303543163,1.670716570730938,0.4323803809424211,-0.6967872865516973
2025-02-17 22:37:41.828279,0.2443798597096063,0.8926678001991599,-1.053643552371595,-0.6967872865516973
2025-02-17 22:37:41.848279,-1.241134389298356,0.6397038418083009,-0.4634926622144289,-1.174878206169069
2025-02-17 22:37:41.868279,0.9205298620478758,-0.73336119226582,0.5409530844980531,-1.174878206169069
2025-02-17 22:37:41.888279,0.901674081178437,-1.5088789796923954,0.7376575158614366,-1.174878206169069
2025-02-17 22:37:41.908279,-1.341942739268515,-0.3242693807877896,0.520887210391968,0.1875697324502232
2025-02-17 22:37:41.928279,0.4733897151265586,-1.7339882334033068,-0.7026763437186505,0.1875697324502232
2025-02-17 22:37:41.948279,-0.3098465252258995,-1.8797817951903335,0.3382362648898933,-1.0282662346387967
2025-02-17 22:37:41.968279,-1.0847572897242792,-0.6061731063673353,1.5849207269190289,-1.0282662346387967
2025-02-17 22:37:41.988279,0.0108662568055618,1.9282738601914629,-0.3450323812529887,-1.0282662346387967
2025-02-17 22:37:42.008279,1.3591855745640544,0.8086178085458666,1.0398621848984566,-0.6063115065234931
2025-02-17 22:37:42.028279,1.41661685100527,0.1521356790332558,1.8017741299087644,-0.6063115065234931
2025-02-17 22:37:42.048279,0.0563368008052138,1.8171539331191329,1.2334044403077078,0.1142670844134771
2025-02-17 22:37:42.068279,-2.2529207866786782,0.2356712472700502,-0.6639831140107515,0.1142670844134771
2025-02-17 22:37:42.088279,0.5399609367150607,-0.7288555217233083,1.5982864937218118,0.1142670844134771
2025-02-17 22:37:42.108279,-1.6664143283684196,-0.6312000658724658,-1.3013997272704552,-0.0301006831667116
2025-02-17 22:37:42.128279,-1.3806384525352866,-0.966565623651415,-1.154670983255838,-0.0301006831667116
2025-02-17 22:37:42.148279,0.5111696870704365,1.032744943647858,0.6997619085020295,-0.4034271225560059
2025-02-17 22:37:42.168279,2.023975850733628,-1.357610649270519,2.3923852847126943,-0.4034271225560059
2025-02-17 22:37:42.188279,0.5396511538951766,0.424475593566096,0.2655471988497644,-0.4034271225560059
2025-02-17 22:37:42.208279,-1.069456835240571,0.0045356458054693,1.0947689058883303,-0.1354156108924145
2025-02-17 22:37:42.228279,1.6386278556379477,-1.0402341922922154,0.6555435070695905,-0.1354156108924145
2025-02-17 22:37:42.248279,1.3578191598816252,-0.1285670803604437,-0.4363591194744103,-0.221547867903896
2025-02-17 22:37:42.268279,-0.2614113170566453,-1.190337934315446,0.0759595087812013,-0.221547867903896
2025-02-17 22:37:42.288279,-0.1717174278671818,0.0674862672444515,-0.3957623432118453,-0.221547867903896
2025-02-17 22:37:42.308279,0.7343990918662499,-0.0671447383801641,0.8149130002986965,0.8839320070293226
2025-02-17 22:37:42.328279,-0.6123575255250299,0.2720773880711697,-0.4826195644976828,0.8839320070293226
2025-02-17 22:37:42.348279,0.004688044565672,0.4320843534072954,-1.0149912162818435,0.4461685222506301
2025-02-17 22:37:42.368279,0.6038961411524915,-1.385216304793246,0.0578093986894306,0.4461685222506301
2025-02-17 22:37:42.388279,0.1112997785482833,-0.7451872636602282,-0.2887564919245865,0.4461685222506301
2025-02-17 22:37:42.408279,0.993269911265513,-0.0640781977192965,-1.0332690026064253,0.1305205906233942
2025-02-17 22:37:42.428279,-1.028955404147229,-0.1667292055404341,-0.8723795070698972,0.1305205906233942
2025-02-17 22:37:42.448279,-0.5380336545066841,1.6750639188967866,0.3781650047363,1.6335483283979364
2025-02-17 22:37:42.468279,-0.2291577199393639,-0.8904545708316148,2.4117440044748304,1.6335483283979364
2025-02-17 22:37:42.488279,1.1964482040048203,-1.2476629330642368,1.1924761070458996,1.6335483283979364
2025-02-17 22:37:42.508279,-1.136871264917835,-0.7885920532351224,0.2035559978899361,-1.1522797544063523
2025-02-17 22:37:42.528279,-0.1616348858491389,0.3206992224507475,-1.2021814240160142,-1.1522797544063523
2025-02-17 22:37:42.548279,-0.5423033996258225,1.054515283363515,0.6509363266596709,-0.6248061114871988
2025-02-17 22:37:42.568279,0.223340235992571,1.279310323840321,0.0398804315426383,-0.6248061114871988
2025-02-17 22:37:42.588279,0.1641090848727094,-1.5933081129339752,0.5575126538395687,-0.6248061114871988
2025-02-17 22:37:42.608279,-1.8744633945930425,-1.8411137442077672,-0.1004864715314446,-0.1561922678212408
2025-02-17 22:37:42.628279,-0.2142795617562043,-0.6908933489505178,0.4474637045257796,-0.1561922678212408
2025-02-17 22:37:42.648279,1.0501988824045445,-0.4289492295735813,0.795589075819937,1.9073765129396436
2025-02-17 22:37:42.668279,0.1316426109931156,0.1906614309000978,-0.5732917823425038,1.9073765129396436
2025-02-17 22:37:42.688279,0.3324255097826851,-0.8857717740191388,-0.0969686011905699,1.9073765129396436
2025-02-17 22:37:42.708279,2.1712593697428657,-0.0865703855687795,-0.3497449227227709,-1.2108876390388217
2025-02-17 22:37:42.728279,1.4347349626027537,0.4006519904392394,-0.0304749259480032,-1.2108876390388217
2025-02-17 22:37:42.748279,-1.5724780077390748,0.089242893351182,-2.130051783970618,-0.0072650195870793
2025-02-17 22:37:42.768279,0.1841192461676797,-1.3639801738619668,-1.1950450187268018,-0.0072650195870793
2025-02-17 22:37:42.788279,2.0009095385183,0.2476460567694289,-1.119268938749553,-0.0072650195870793
2025-02-17 22:37:42.808279,-0.9975074095592986,-0.1537437801063386,-0.320613660039613,0.0689690559868083
2025-02-17 22:37:42.828279,-0.3478382383725332,-1.4604169986228903,0.2418883337127809,0.0689690559868083
2025-02-17 22:37:42.848279,1.325523075466119,-1.8838101013641249,1.559012132690187,-0.4555108264017911
2025-02-17 22:37:42.868279,-0.287167230207539,-0.4859061479922201,0.1964373309537576,-0.4555108264017911
2025-02-17 22:37:42.888279,-0.5271363552582293,0.8829035565906195,0.943272961006804,-0.4555108264017911
2025-02-17 22:37:42.908279,1.2312814759783268,0.9577108059938712,0.0949511951379272,-0.2750949642215026
2025-02-17 22:37:42.928279,-0.0128893587797676,-1.952390788025533,-0.430160940920737,-0.2750949642215026
2025-02-17 22:37:42.948279,1.7091596290828766,0.2258706195886384,0.2508989544309556,0.2448600235518855
2025-02-17 22:37:42.968279,-0.8429676147173453,0.92741010513398,-0.771078437391367,0.2448600235518855
2025-02-17 22:37:42.988279,-1.3018513527903908,0.2761081281372471,0.2998024891323513,0.2448600235518855
2025-02-17 22:37:43.008279,-1.1965257970272598,-1.4927331706854503,-0.6581704132197961,-1.379614283315144
2025-02-17 22:37:43.028279,2.903795158624088,-0.5613562212841365,1.087594641956407,-1.379614283315144
2025-02-17 22:37:43.048279,-0.1124112970474449,0.0278548906355785,-0.3060278258391547,-0.8173107179347127
2025-02-17 22:37:43.068279,-0.2892261027961209,-1.101153584283714,-1.839865808861178,-0.8173107179347127
2025-02-17 22:37:43.088279,-0.0045468059180684,-0.2427035939234482,-1.210964632068502,-0.8173107179347127
2025-02-17 22:37:43.108279,1.3268931473905738,-0.2247138997058571,1.0904050843962274,1.1572065801244555
2025-02-17 22:37:43.128279,0.5999377508934157,-0.4842703094649569,-0.8900884743887835,1.1572065801244555
2025-02-17 22:37:43.148279,-0.5634692618840289,-0.9710812139379824,0.854508936656232,1.6709708583184515
2025-02-17 22:37:43.168279,0.6115229436091321,-1.7991683322733787,-1.154191857537762,1.6709708583184515
2025-02-17 22:37:43.188279,1.4744016796298356,-0.9451382201308448,-1.5884071741527577,1.6709708583184515
2025-02-17 22:37:43.208279,1.4876007185024218,-0.0932624663690978,0.5815792185796633,-1.2540774073584586
2025-02-17 22:37:43.228279,0.2727048702075461,-0.8320125310560499,0.4008182441568401,-1.2540774073584586
2025-02-17 22:37:43.248279,-0.6196672060296103,-0.8934871330210584,-1.7251728050724904,-0.0570439800668652
2025-02-17 22:37:43.268279,-3.297843587306244,-2.251342866569653,1.3557403615517862,-0.0570439800668652
2025-02-17 22:37:43.288279,0.3536710700901742,-0.3278544527143136,2.0986905926587167,-0.0570439800668652
2025-02-17 22:37:43.308279,-0.6297281554443755,0.0401740282838291,-1.8615935135657655,1.0083641449663503
2025-02-17 22:37:43.328279,2.1949864327888404,0.0510856807849671,0.4289680244853015,1.0083641449663503
2025-02-17 22:37:43.348279,2.9728775095210205,0.6635772452422157,1.4092073706445032,0.4229846317377147
2025-02-17 22:37:43.368279,-0.606008487932784,0.6409363611267151,0.97512138784368,0.4229846317377147
2025-02-17 22:37:43.388279,2.035840583968295,0.2526038632081052,-1.1765571565223627,0.4229846317377147
2025-02-17 22:37:43.408279,-0.0359684021334769,0.469332881169814,-0.695643716771769,0.1924853100918071
2025-02-17 22:37:43.428279,-0.126202382757128,-0.8851256047485756,-1.089386220785782,0.1924853100918071
2025-02-17 22:37:43.448279,0.1121268729849712,-1.0763777294556192,-0.614957711127682,1.2675406050060316
2025-02-17 22:37:43.468279,-0.004880398708006,0.0467067757541893,-1.5869169173456246,1.2675406050060316
2025-02-17 22:37:43.488279,-1.0034145058178443,0.1867549751647386,-1.0515633648497933,1.2675406050060316
2025-02-17 22:37:43.508279,-1.1085053025589908,-0.5160718031889158,1.4881255682970245,-0.2280654228413909
2025-02-17 22:37:43.528279,0.1555369446525106,-1.52439196090243,-0.560770154099532,-0.2280654228413909
2025-02-17 22:37:43.548279,-0.5846816862234753,-0.8298302373386574,0.4731152870908666,1.4624427395543955
2025-02-17 22:37:43.568279,-0.3171575137598587,1.3178487076517469,-0.1058903197336669,1.4624427395543955
2025-02-17 22:37:43.588279,0.3824222057033872,-0.1904992108823719,-1.3148930034982476,1.4624427395543955
2025-02-17 22:37:43.608279,-1.7749990473746078,-0.0445553215448251,-1.3984436579528798,0.0637397132328415
2025-02-17 22:37:43.628279,0.2499275129580467,-0.9964097038222728,-0.9058885746539264,0.0637397132328415
2025-02-17 22:37:43.648279,-1.0663610953969151,1.8816181176608504,0.5581993940340386,0.008561075850125
2025-02-17 22:37:43.668279,0.002809749261657,-1.3397984738173712,0.7768062688108733,0.008561075850125
2025-02-17 22:37:43.688279,0.511980483643246,-0.755060337694931,-0.3609422943803185,0.008561075850125
2025-02-17 22:37:43.708279,1.4972603833451004,0.4499534693739247,-0.8638859465513211,0.8418869924765183
2025-02-17 22:37:43.728279,1.2268542646958551,-1.1187815087942603,1.1601200448979143,0.8418869924765183
2025-02-17 22:37:43.748279,0.6290793688877139,1.1453047792780977,-1.156567370895651,-0.694876829210806
2025-02-17 22:37:43.768279,0.319052207974454,-4.037403088387568,0.1742029334999115,-0.694876829210806
2025-02-17 22:37:43.788279,-0.8096616367250851,0.5529588377289296,-0.3840817338366534,-0.694876829210806
2025-02-17 22:37:43.808279,0.5067248462102591,-0.1014579256986438,0.0867456248433503,-1.4835607682333438
2025-02-17 22:37:43.828279,0.2594309566039962,-1.6090221837569003,-0.0780626167924852,-1.4835607682333438
2025-02-17 22:37:43.848279,0.0806614458753849,-0.3562506381873224,0.3382401236508708,0.7197187436377668
2025-02-17 22:37:43.868279,-0.7762061387555157,-0.1092637179179497,-0.0454348682633096,0.7197187436377668
2025-02-17 22:37:43.888279,0.2645643986034642,-1.0431532308801552,0.9172724361925424,0.7197187436377668
2025-02-17 22:37:43.908279,-0.2647914080647572,-0.3196916376160454,-0.374249953396943,0.2281099726257219
2025-02-17 22:37:43.928279,0.7746255397740869,0.0289965957870428,-1.1697307875070702,0.2281099726257219
2025-02-17 22:37:43.948279,1.0370281597140618,0.5077325972680354,0.7381961186925162,-0.8213598601955875
2025-02-17 22:37:43.968279,-1.072408163741639,0.007297380810788,-1.0241208937517472,-0.8213598601955875
2025-02-17 22:37:43.988279,0.559378869953994,-1.671327811545905,-0.2769986402811776,-0.8213598601955875
2025-02-17 22:37:44.008279,-1.5947069810049384,-1.1858858146019051,1.9580370853718696,0.0110019580121003
2025-02-17 22:37:44.028279,-0.3691453603337303,0.1992503950534266,-2.8150172615704845,0.0110019580121003
2025-02-17 22:37:44.048279,0.5672940032980992,0.0745157252970846,-0.7906393030140185,2.204984169060316
2025-02-17 22:37:44.068279,-2.474828721670053,0.5287233494758924,-0.909370984383087,2.204984169060316
2025-02-17 22:37:44.088279,-0.9257866453469497,-2.464135513218264,-0.4312612131935334,2.204984169060316
2025-02-17 22:37:44.108279,0.0729206365001653,0.4358115759017595,-0.4531001210548521,0.562335925147817
2025-02-17 22:37:44.128279,0.3156563307533095,-0.3026665077615839,0.7517638605998708,0.562335925147817
2025-02-17 22:37:44.148279,-0.2913649383839435,0.4840595515810254,0.6798978556836064,-1.1221963145385463
2025-02-17 22:37:44.168279,-0.308527473049848,-0.7916568044556795,-0.4017196046708237,-1.1221963145385463
2025-02-17 22:37:44.188279,-0.9248994954377812,0.4774301405322031,0.138631054476949,-1.1221963145385463
2025-02-17 22:37:44.208279,-0.4101550252905,-0.7224885286620881,2.425570739167474,2.8838393498869404
2025-02-17 22:37:44.228279,-0.4125553848173485,-0.5545431420037722,1.4608803732534632,2.8838393498869404
2025-02-17 22:37:44.248279,0.1868869759773691,0.5468587849356392,0.1513189980481184,0.2577050260983146
2025-02-17 22:37:44.268279,0.1624960512045659,-0.2854896127677882,-2.076668084778504,0.2577050260983146
2025-02-17 22:37:44.288279,0.3945815420834184,0.8402728223230677,-1.3411157258305333,0.2577050260983146
2025-02-17 22:37:44.308279,0.6489851320643755,0.6802431319401162,1.6148728782184931,-0.7057311206078734
2025-02-17 22:37:44.328279,-0.2594178305483327,-0.7078158125124964,0.1452791166373454,-0.7057311206078734
2025-02-17 22:37:44.348279,0.4086667351812224,0.0039381150833693,-0.5819012272568943,1.153976215324814
2025-02-17 22:37:44.368279,1.833270690063096,1.5471795723218469,0.0729371188616699,1.153976215324814
2025-02-17 22:37:44.388279,0.2047621475166693,1.29136291550952,1.017317929869971,1.153976215324814
2025-02-17 22:37:44.408279,-0.197115894277822,-0.922165719716846,-1.1667002274440923,0.3184839447012633
2025-02-17 22:37:44.428279,-0.219530257348094,-0.1989047204807518,1.5021172726072036,0.3184839447012633
2025-02-17 22:37:44.448279,0.9044387987130644,-1.3599702999951824,-0.9580215013724532,1.7901766733559068
2025-02-17 22:37:44.468279,0.0750184295792198,0.697248656765593,-1.4884313361030288,1.7901766733559068
2025-02-17 22:37:44.488279,0.2243630226199882,-0.9410745827123344,0.1822938729785389,1.7901766733559068
2025-02-17 22:37:44.508279,0.5036014853224879,-0.7286543352506775,0.2785159120006046,-0.1797844676488476
2025-02-17 22:37:44.528279,-0.5497624155215362,-0.8591596996512899,0.527902729616513,-0.1797844676488476
2025-02-17 22:37:44.548279,-1.577947188262444,0.0892557695971847,-0.7967963889606879,-1.806311340903632
2025-02-17 22:37:44.568279,2.630004067594924,0.6054331957643606,1.156215748401009,-1.806311340903632
2025-02-17 22:37:44.588279,0.5521359352841482,-1.9751989560060863,-1.301435061553339,-1.806311340903632
2025-02-17 22:37:44.608279,-1.7275983536713213,-0.563949969430884,-1.2997592734006853,0.121478932278028
2025-02-17 22:37:44.628279,-1.2396685837621355,1.1130270534437487,-0.1021968347967254,0.121478932278028
2025-02-17 22:37:44.648279,-0.1931321767571844,-0.7090428808647908,1.358054531584483,2.2721007232155266
2025-02-17 22:37:44.668279,-2.539082468869829,1.1984919513874543,0.3438149449021294,2.2721007232155266
2025-02-17 22:37:44.688279,-0.6758105012779722,1.5217565940333055,0.3447595958780191,2.2721007232155266
2025-02-17 22:37:44.708279,1.2424398149438236,0.4716308772493499,1.0337939174011284,-0.0897810001539887
2025-02-17 22:37:44.728279,-0.32280134799459,-0.5627233385764172,0.3221208187654589,-0.0897810001539887
2025-02-17 22:37:44.748279,-0.983718064361376,0.0054189354066408,-0.4026022216295231,0.5789165726678364
2025-02-17 22:37:44.768279,1.0386530594435963,-1.3201132692282815,-0.9688085344470826,0.5789165726678364
2025-02-17 22:37:44.788279,0.7945100111928453,0.0332007215634518,1.110733941639286,0.5789165726678364
2025-02-17 22:37:44.808279,-0.2355327135661258,0.1201111523069524,0.1525106488847973,0.9864902573807184
2025-02-17 22:37:44.828279,-1.1870351521766314,-1.3398163339676763,-0.1806928702361679,0.9864902573807184
2025-02-17 22:37:44.848279,-0.5176847610404831,-0.550259625544608,-2.0905202114637165,-0.506356954129386
2025-02-17 22:37:44.868279,0.99228820679244,1.647915032448498,-1.1634686954993032,-0.506356954129386
2025-02-17 22:37:44.888279,-1.6360500102913642,-0.0274419886488973,0.9962090033528626,-0.506356954129386
2025-02-17 22:37:44.908279,1.677563948849884,2.0498968876946444,-1.4118646497335456,-0.1842991581842281
2025-02-17 22:37:44.928279,-0.3538550687586602,0.7817994355097603,-0.020785342540739,-0.1842991581842281
2025-02-17 22:37:44.948279,1.407876978973904,0.7314221877036386,-0.2057741021439713,-0.9038236737030204
2025-02-17 22:37:44.968279,-0.3476045896165424,0.9453631637714576,-2.01859112525755,-0.9038236737030204
2025-02-17 22:37:44.988279,0.5687470109487592,-0.2744774403784488,-0.3192957528707448,-0.9038236737030204
2025-02-17 22:37:45.008279,1.5657596994898058,0.8393203627827859,-0.4423137950113026,1.4342933782825171
2025-02-17 22:37:45.028279,0.4691285474535841,0.2231132021780568,-0.0033448536994112,1.4342933782825171
2025-02-17 22:37:45.048279,-1.7512137658976392,0.064837552730118,0.1254350138815183,-1.5369809567847357
2025-02-17 22:37:45.068279,-2.186032911922923,-1.0141960046645366,-0.8210608349435297,-1.5369809567847357
2025-02-17 22:37:45.088279,1.6387047147926324,0.4475018941792607,-0.9642156894862212,-1.5369809567847357
2025-02-17 22:37:45.108279,-0.1194158104014171,1.0977363658551438,-0.6116907904807171,1.4362926715554818
2025-02-17 22:37:45.128279,-0.0064951869276197,0.9114909814189548,0.643805411872975,1.4362926715554818
2025-02-17 22:37:45.148279,-0.5284064751290805,-0.0959165094308848,-1.2609383610363945,-1.353733369381926
2025-02-17 22:37:45.168279,-0.3967116830085012,-0.8444370782282342,-3.1718166070420084,-1.353733369381926
2025-02-17 22:37:45.188279,0.5713759689970702,-0.1291131576827725,0.839074137847174,-1.353733369381926
2025-02-17 22:37:45.208279,-0.8408620883721405,0.5712029031239224,1.4221742493751728,-0.6553185654227817
2025-02-17 22:37:45.228279,-2.3445173675437743,1.0844144715422817,1.6193592933074297,-0.6553185654227817
2025-02-17 22:37:45.248279,1.2937097345404862,1.1762221298055942,1.3166395191972202,0.5804646711302479
2025-02-17 22:37:45.268279,-0.3812886421141929,1.20757664797954,0.2217659373151559,0.5804646711302479
2025-02-17 22:37:45.288279,1.133586005337155,0.633713639823909,-0.0555926329133498,0.5804646711302479
2025-02-17 22:37:45.308279,0.7987557708656456,-0.9739043738001774,1.237493200909246,-0.491314434785334
2025-02-17 22:37:45.328279,-0.7437392283464147,1.2315674872116615,0.4296938040380698,-0.491314434785334
2025-02-17 22:37:45.348279,-0.6786251596636143,-1.739785690543718,-0.084409056872911,0.3281507628136345
2025-02-17 22:37:45.368279,-1.3728313501948837,-0.3004523348576434,-1.9375934673498652,0.3281507628136345
2025-02-17 22:37:45.388279,-2.130631012085792,0.302175301682331,0.4844241236827818,0.3281507628136345
2025-02-17 22:37:45.408279,0.5915242420962533,-1.862030863460406,-0.7969819420779051,-0.3185464378302211
2025-02-17 22:37:45.428279,0.7495835544782578,0.3562897872216011,0.3880350747143567,-0.3185464378302211
2025-02-17 22:37:45.448279,1.1775443522347595,0.68602748610815,-0.7970914083925024,0.6839815298328482
2025-02-17 22:37:45.468279,0.9690618796147084,0.6916152085388211,0.8649648936668304,0.6839815298328482
2025-02-17 22:37:45.488279,0.1631933884342395,0.0624479534348455,1.7419879126493147,0.6839815298328482
2025-02-17 22:37:45.508279,-0.9521638303331904,1.2441830922422246,0.1720195589252512,-0.5495054655875102
2025-02-17 22:37:45.528279,-0.6603292527601845,2.143455317957915,-0.5882510222488704,-0.5495054655875102
2025-02-17 22:37:45.548279,0.9676186132459256,-0.1109078506042312,-0.8987313362176284,-0.1521225983652667
2025-02-17 22:37:45.568279,-0.2361401129320911,-1.660671553803131,0.6665774669374978,-0.1521225983652667
2025-02-17 22:37:45.588279,-0.3963132974174893,0.1373132693047251,0.4064218028011677,-0.1521225983652667
2025-02-17 22:37:45.608279,-1.490005490485265,0.0954674870857114,-0.3617195771111704,-1.2910203276967012
2025-02-17 22:37:45.628279,0.9168914704397838,-1.7171713589582889,1.078545636479854,-1.2910203276967012
2025-02-17 22:37:45.648279,-0.5276427980894165,1.6197437689096823,0.3810721995723664,1.3271135991632623
2025-02-17 22:37:45.668279,-1.8241315977961208,-0.8586311695508396,-0.1494119346587537,1.3271135991632623
2025-02-17 22:37:45.688279,1.5607561289976992,0.2395739993176315,-0.0569000367290139,1.3271135991632623
2025-02-17 22:37:45.708279,0.2937544245049066,-1.8957377562723208,-0.7841111744377025,-0.5831006047171015
2025-02-17 22:37:45.728279,1.6019626996237384,1.3649396048426892,-0.3415828489768145,-0.5831006047171015
2025-02-17 22:37:45.748279,-0.6887940810641893,0.0271083647345311,0.2029509837444658,-0.1066977909379124
2025-02-17 22:37:45.768279,0.1980382659871718,1.0030615635086806,-1.4555906576505275,-0.1066977909379124
2025-02-17 22:37:45.788279,-0.2285901320198402,-0.2587154438021294,0.6006888491749004,-0.1066977909379124
2025-02-17 22:37:45.808279,1.539905707774872,-1.9761565512333656,1.8196394153801392,-0.0670569007717206
2025-02-17 22:37:45.828279,1.3175748897249524,0.6910863207495821,2.1548491613290004,-0.0670569007717206
2025-02-17 22:37:45.848279,1.6200134524342704,-1.0006105480978744,-1.872094286682056,0.6869394423640952
2025-02-17 22:37:45.868279,0.8136866578996527,-0.1860369428194504,-0.7518991085081688,0.6869394423640952
2025-02-17 22:37:45.888279,1.6732194592665095,-0.8409379439563548,0.2921732328683646,0.6869394423640952
2025-02-17 22:37:45.908279,-1.1401078552596724,0.4391826128300763,-2.256141951969114,0.363276550304778
2025-02-17 22:37:45.928279,-1.1074646700168649,1.3014123563101316,0.5257179524559228,0.363276550304778
2025-02-17 22:37:45.948279,-1.3892188912614594,0.2063925002789421,-0.7456663102897267,-0.6626928717994756
2025-02-17 22:37:45.968279,-0.7884468388702093,0.2851577505277358,0.728706620838466,-0.6626928717994756
2025-02-17 22:37:45.988279,0.5397912327155227,0.0124808205850643,-0.7315072463212069,-0.6626928717994756
2025-02-17 22:37:46.008279,-0.5138315749724149,-1.824858953352664,1.7411980220017704,-1.4194278162118252
2025-02-17 22:37:46.028279,-0.8471235780327622,0.0034757738821835,0.6569625860378829,-1.4194278162118252
2025-02-17 22:37:46.048279,0.3885211402833802,1.0448157066340005,1.935539208129928,1.7876926418665071
2025-02-17 22:37:46.068279,-0.8985254613923501,-1.4409454968672195,-1.2812269052110803,1.7876926418665071
2025-02-17 22:37:46.088279,-1.2866666647524114,-0.6186635250595249,-2.128098413077899,1.7876926418665071
2025-02-17 22:37:46.108279,1.5573598662000476,0.6762789575719478,0.3862521500167131,0.1005554227930843
2025-02-17 22:37:46.128279,0.6104268221013496,0.2845188528059109,-0.2335504414385665,0.1005554227930843
2025-02-17 22:37:46.148279,0.9231546211093268,0.4781535983168335,0.4555435331627325,1.961925782476908
2025-02-17 22:37:46.168279,0.6963043315398748,-0.6927157896753973,0.4339244160288781,1.961925782476908
2025-02-17 22:37:46.188279,-0.842161867161038,0.0336671645703005,0.5029596555451512,1.961925782476908
2025-02-17 22:37:46.208279,0.1689476332487973,0.3146190772048746,-2.5909182988470305,-0.3816946786124197
2025-02-17 22:37:46.228279,0.1509784996377649,0.2728422202069777,-0.1529349074363359,-0.3816946786124197
